s_mm_fore,,s_mm_hind,,beta_deg_fore,,beta_deg_hind,,alpha_deg_fore,,alpha_deg_hind,,d_mm_fore,,d_mm_hind,
X,Y,X,Y,X,Y,X,Y,X,Y,X,Y,X,Y,X,Y
0.020000000000000073,8.053019818083989,0.020000000000000073,15.543042953214979,0.020000000000000018,20.360408588538917,0.020000000000000018,25.35305466270961,0.017205921126972723,-20.521990413186586,0.01164262307431535,-20.234304985612425,0.020000000000000018,-0.7052870692406934,0.020000000000000018,1.1347086585097266
0.040000000000000036,11.031459581043102,0.040000000000000036,17.99976398489653,0.03999999999999998,20.577804446018376,0.03999999999999998,29.788852546652265,0.055354250630908874,-16.533270836280053,0.04820143884892086,-29.175879085890756,0.03999999999999998,-0.5770011666454842,0.03999999999999998,1.5452161568540248
0.06000000000000005,13.890959401708919,0.06000000000000005,19.730022336146792,0.06,20.58270977824361,0.06,33.9370177603455,0.09111830954084899,-16.946471527621952,0.06846773889788693,-41.68519678990742,0.06,-0.3800404241239228,0.06,1.9895286047498004
0.08000000000000007,16.609520270001134,0.08000000000000007,21.36075872978125,0.08000000000000002,20.583686698679685,0.08000000000000002,39.39238709036812,0.12926663904478508,-25.708103391348004,0.17933632151870127,139.35594626039642,0.08000000000000002,-0.1997181299134958,0.08000000000000002,2.221489832374438
0.10000000000000009,19.1276437216667,0.10000000000000009,21.73680586227857,0.09999999999999998,20.69021049098069,0.09999999999999998,47.86272276446698,0.15191720968774713,-37.206634457941846,0.18529699800369126,125.94099334937039,0.09999999999999998,-0.07150544142092485,0.09999999999999998,2.510953698645512
0.1200000000000001,20.91256434761725,0.1200000000000001,22.045815056995554,0.12,21.732194665030306,0.12,58.5523300957347,0.16383856265772723,-47.08079807556078,0.19125767448868125,111.88328380736789,0.12,0.09625419995251505,0.12,2.5714499197981056
0.14000000000000012,23.372248396934193,0.14000000000000012,21.472245844843737,0.14,24.121783405429824,0.14,69.82495659235389,0.2723228746845455,145.5969058063298,0.19841048627066937,96.80545728975085,0.14,0.2756533152540399,0.14,2.1320421752174283
0.16000000000000003,24.628368197971984,0.16000000000000003,20.55922300466468,0.16000000000000003,28.15889530771551,0.16000000000000003,80.72081416573951,0.27964599150896186,132.55220441084327,0.20913970394365133,82.23235763811738,0.16000000000000003,0.36296508958478313,0.16000000000000003,1.2479286457160619
0.18000000000000005,25.42658895462265,0.18000000000000005,19.344303067898718,0.17999999999999994,33.77258514549351,0.17999999999999994,93.22456279843243,0.28782063354551957,118.5389250507053,0.22988285811141662,67.19718409509039,0.17999999999999994,0.33729624305964023,0.17999999999999994,0.6395432214946837
0.20000000000000007,25.560175508336624,0.20000000000000007,17.64695959142452,0.19999999999999996,40.62963412654199,0.19999999999999996,104.40911322371284,0.2959952755820774,104.56118983605927,0.2680311876153527,64.80861751804218,0.19999999999999996,0.14159786265853924,0.19999999999999996,0.2983551662912305
0.22000000000000008,25.250787068886726,0.22000000000000008,16.25853120889432,0.21999999999999997,46.17276851259771,0.21999999999999997,112.47483607212769,0.3033183924064937,91.10773076741702,0.30398068979371473,72.23971353552565,0.21999999999999997,-0.2436023584543463,0.21999999999999997,0.15043890131363113
0.24,24.42718017313458,0.24,14.56836440032965,0.24,51.9163554523621,0.24,112.26522490774408,0.31166333948547964,78.02970673553182,0.3402745866134318,79.49664324009927,0.24,-0.7925582322549722,0.24,0.03713998342382396
0.26,23.050141780483415,0.26,12.663872323801897,0.26,59.23384153850316,0.26,108.30868911837797,0.3343139101284418,63.614334229518136,0.38199932200836195,84.17839960379274,0.26,-1.3468244520814068,0.26,0.16345423572761675
0.28000000000000014,21.095124451789307,0.28000000000000014,10.370598331877211,0.2799999999999999,71.30409176430106,0.2799999999999999,107.8187317221907,0.36769369844438593,62.00485089146798,0.42610832799728804,83.18138632274815,0.2799999999999999,-1.6354166209586865,0.2799999999999999,0.3785092097265377
0.30000000000000016,19.248851325993037,0.30000000000000016,8.2174367681773,0.30000000000000004,83.18297465464508,0.30000000000000004,107.56424811813014,0.405842027948322,73.90103208575124,0.47260160458021017,77.42323475307819,0.30000000000000004,-1.6220395019588238,0.30000000000000004,0.5128630997615851
0.3200000000000002,17.57081215594083,0.3200000000000002,6.155542091043415,0.32000000000000006,89.71928299190824,0.32000000000000006,107.16743192114438,0.4439903574522581,81.97177462148056,0.5159953293909375,83.28268713739953,0.32000000000000006,-1.3271759012776592,0.32000000000000006,0.5179161145809132
0.3400000000000001,15.806378451091653,0.3400000000000001,4.028422399777007,0.3400000000000001,92.24174570303518,0.3400000000000001,103.43235368836838,0.4821386869561942,87.2667415452106,0.5485731357798103,96.25355364884194,0.3400000000000001,-0.6766132563045559,0.3400000000000001,0.5409056159344736
0.3600000000000002,13.942089957800434,0.3600000000000002,1.7698016414852873,0.36,93.58580972117278,0.36,101.61903785390524,0.5202870164601304,95.59406838120901,0.5787016460130325,103.06833572540415,0.36,0.1506731910036585,0.36,0.5262991305841282
0.3800000000000002,11.880405345039058,0.3800000000000002,-0.42129555701859545,0.3800000000000001,94.73991453924833,0.3800000000000001,99.88129548282313,0.5584353459640665,98.06660800198142,0.6216185167049606,100.6454098077138,0.3800000000000001,0.9233907175281892,0.3800000000000001,0.3838022292084098
0.40000000000000024,9.745254467732615,0.40000000000000024,-2.1434382599969766,0.40000000000000013,96.14656761812512,0.40000000000000013,97.27035340371913,0.5965836754680027,88.47968551011786,0.6633432520998908,102.6151478703838,0.40000000000000013,1.4840256986654303,0.40000000000000013,0.024831635264401797
0.42000000000000026,7.739592228886757,0.42000000000000026,-3.9508143831378177,0.42000000000000015,97.27951145250097,0.42000000000000015,94.59700129186837,0.6328062479537111,81.9305058179408,0.6700986854495461,85.30218700375826,0.42000000000000015,1.7331926457930464,0.42000000000000015,0.1316143620224608
0.44000000000000017,5.757193714257141,0.44000000000000017,-5.822029685868188,0.44000000000000017,98.258101872069,0.44000000000000017,93.32144294752072,0.6681117932878828,89.39716876562477,0.6706663689243071,74.597475186481,0.44000000000000017,1.7375919946625942,0.44000000000000017,0.1864768187275594
0.4600000000000003,3.4958148638122495,0.4600000000000003,-7.551735060275973,0.4600000000000002,99.03743923971109,0.4600000000000002,92.33044106913343,0.701491581603827,102.03200173340906,0.6740724697728728,59.658270836281986,0.4600000000000002,1.700139379529503,0.4600000000000002,0.6185340306738354
0.4800000000000003,1.1443267571229327,0.4800000000000003,-9.222816844677311,0.4800000000000002,99.99547473913077,0.4800000000000002,91.59024435254031,0.730102828731779,98.9763159756618,0.6792383893931977,43.99988994229909,0.4800000000000002,1.591657105122362,0.4800000000000002,0.937526542086502
0.5000000000000002,-1.1698780864074436,0.5000000000000002,-10.599134936388879,0.5000000000000001,100.27909934055191,0.5000000000000001,89.14147843581492,0.7432163169987571,84.25304230932556,0.681225281554861,29.651903212113552,0.5000000000000001,1.2585171287229748,0.5000000000000001,1.1953951943007155
0.5200000000000002,-3.1707598469212996,0.5200000000000002,-11.949267498976319,0.5200000000000001,99.34031924221188,0.5200000000000001,88.68563758066682,0.7548727510138487,70.08336870902383,0.683609552148857,15.320503749824184,0.5200000000000001,0.790960483990041,0.5200000000000001,1.3279108711934207
0.5400000000000004,-4.959092070697565,0.5400000000000004,-13.059315311635054,0.5400000000000001,97.12304007544242,0.5400000000000001,88.16491582772778,0.7636529220901513,57.26970425923378,0.6859938227428528,0.9891042875347011,0.5400000000000001,0.2914064584702025,0.5400000000000001,1.413511887280297
0.5600000000000003,-6.690362268704618,0.5600000000000003,-14.34137049317605,0.56,94.51669990351422,0.56,88.4561044999515,0.7730196994237073,44.62709600962296,0.6943387698218388,-14.615367985785497,0.56,-0.2234947530516891,0.56,1.2670820577548554
0.5800000000000003,-8.518374123343904,0.5800000000000003,-15.310392700101545,0.5800000000000002,93.83275469847109,0.5800000000000002,89.74222961950693,0.7837489170966891,32.157765469284755,0.7185220858466557,-29.36915037700237,0.5800000000000002,-0.630440380698527,0.5800000000000002,1.089928256232124
0.6000000000000005,-10.24621035155213,0.6000000000000005,-16.377268966545472,0.6000000000000003,92.3130731241784,0.6000000000000003,89.5836035999888,0.7992466759576633,18.206688363757507,0.7634826170477231,-23.717631243807773,0.6000000000000003,-0.7446239705523396,0.6000000000000003,0.9052895480904048
0.6200000000000006,-12.165557841340295,0.6200000000000006,-17.27096576291372,0.6200000000000003,93.89925539342448,0.6200000000000003,87.68480668892516,0.8147444348186372,5.4996563504428195,0.7971008324230668,-22.224777133152656,0.6200000000000003,-0.5873786524831637,0.6200000000000003,0.7678768725050311
0.6400000000000003,-13.726470400387306,0.6400000000000003,-17.519048213952843,0.6400000000000003,92.54417180789119,0.6400000000000003,83.93003465514494,0.8338185995706053,-6.591277141014189,0.8207051113036274,-22.224777133152656,0.6400000000000003,-0.3604578019287459,0.6400000000000003,0.6014831650660497
0.6600000000000006,-14.920815023121307,0.6600000000000006,-17.430371191573784,0.6600000000000004,87.9882396576428,0.6600000000000004,76.4683822056428,0.8636219819955555,-17.466304655439444,0.8636219819955555,-22.26209848591907,0.6600000000000004,-0.28786611616954616,0.6600000000000004,0.33718427959325226
0.6800000000000006,-15.560558599154191,0.6800000000000006,-16.79800241442284,0.6800000000000004,79.82563776788407,0.6800000000000004,67.08442799000238,0.9017703114994917,-21.82823776000987,0.9101152585784775,-19.487877930284867,0.6800000000000004,-0.34994805281304764,0.6800000000000004,-0.07330938461824488
0.7000000000000006,-16.006035945744685,0.7000000000000006,-15.955632066733045,0.7000000000000004,69.1642667925334,0.7000000000000004,57.997081713980265,0.9399186410034277,-22.877900806564412,0.9566085351613998,-17.78353615395372,0.7000000000000004,-0.4130821303891352,0.7000000000000004,-0.20404698667655197
0.7200000000000004,-16.171346588931428,0.7200000000000004,-15.292264061732894,0.7200000000000004,58.53257944033447,0.7200000000000004,50.97224642627839,0.9780669705073639,-23.740957089286894,1.0076536010601325,-18.153356831365954,0.7200000000000004,-0.5027570275362123,0.7200000000000004,-0.2662774093493674
0.7400000000000004,-15.938772085994145,0.7400000000000004,-14.14719947338596,0.7400000000000004,49.7387693259825,0.7400000000000004,48.0408712397105,1.0162153000113,-22.901226652043306,1.038865870654262,-27.609715175158726,0.7400000000000004,-0.6583950575957438,0.7400000000000004,-0.18157468287991207
0.7600000000000007,-15.734454448824039,0.7600000000000007,-12.901237982755966,0.7600000000000005,41.84134214288969,0.7600000000000005,45.07957422702941,1.054363629515236,-21.85156360548899,1.054363629515236,-39.82801518796123,0.7600000000000005,-0.777686739363439,0.7600000000000005,0.28551907404363774
0.7800000000000007,-15.386373502522574,0.7800000000000007,-11.099690358771142,0.7800000000000005,33.73219921341229,0.7800000000000005,44.27446320045772,1.0919158913706732,-27.511968775056403,1.1568872650570645,147.52517569925942,0.7800000000000005,-0.7128246727525251,0.7800000000000005,0.810962029759672
0.8000000000000007,-14.726716585919817,0.8000000000000007,-9.106467263555906,0.8000000000000005,26.676255307596193,0.8000000000000005,41.175296925455996,1.1175468002561304,-40.29897511572767,1.1662540423906202,133.20977110244144,0.8000000000000005,-0.44513061598537007,0.8000000000000005,1.172857947370293
0.8200000000000005,-13.60576488008018,0.8200000000000005,-6.9653758681918205,0.8200000000000005,23.500727833031192,0.8200000000000005,35.45348951526955,1.1294681532261104,-48.22531956039643,1.1759614298090324,118.14497743817128,0.8200000000000005,-0.1482828235370519,0.8200000000000005,1.4809531373645761
0.8400000000000007,-12.26997395412235,0.8400000000000007,-4.475323038358638,0.8400000000000003,21.747939310308197,0.8400000000000003,26.80817068673184,1.2439131417379188,145.1881481331742,1.1854985121850166,104.23240649026025,0.8400000000000003,0.025247178703097006,0.8400000000000003,1.2963807429562415
0.8600000000000008,-10.651318796114808,0.8600000000000008,-1.4233060942626636,0.8600000000000003,19.773426412295407,0.8600000000000003,20.474621911329336,1.2498738182229088,132.41002782887608,1.196908950027712,89.59710458401582,0.8600000000000003,0.050615963681938325,0.8600000000000003,0.9759592465536535
0.8800000000000008,-8.766195550261266,0.8800000000000008,1.3030116481767564,0.8800000000000006,18.10881590396832,0.8800000000000006,14.872620339703758,1.2582187653018948,118.16571152304152,1.2129176240159707,75.77043198770991,0.8800000000000006,-0.04505230035603347,0.8800000000000006,0.49639708424757956
0.9000000000000008,-6.7182912495656595,0.9000000000000008,4.312499434449158,0.9000000000000006,16.867877893054924,0.9000000000000006,13.956847514560877,1.2653715770838827,103.92139521720708,1.2403367358469246,64.54736804867753,0.9000000000000006,-0.2136515170746769,0.9000000000000006,0.13815534894993675
0.9200000000000008,-4.568876692892275,0.9200000000000008,7.363385516512352,0.9200000000000006,17.58301625894444,0.9200000000000006,16.302696931520927,1.2735462191204405,89.68596494774545,1.283423911581281,71.238553437507,0.9200000000000006,-0.3969329302420306,0.9200000000000006,-0.0142846898911273
0.9400000000000008,-2.189928867164319,0.9400000000000008,10.287471218490893,0.9400000000000006,17.9078538362711,0.9400000000000006,16.607230522851864,1.2808693359448569,76.92561671619308,1.3233093525179858,82.72286684590392,0.9400000000000006,-0.5311168788119538,0.9400000000000006,-0.13148748082080886
0.9600000000000006,0.10943212169726735,0.9600000000000006,13.152829339960363,0.9600000000000006,19.419118771833723,0.9600000000000006,17.339633738156067,1.2902739588433967,64.19488860588399,1.357165994952729,88.52633720107588,0.9600000000000006,-0.6224024108132795,0.9600000000000006,0.06869226049157362
0.9800000000000006,2.5146444808591895,0.9800000000000006,16.19398775800034,0.9800000000000006,20.34544623173656,0.9800000000000006,17.234725240162334,1.319017665448793,51.531546271403045,1.3953143244566653,84.09442656006843,0.9800000000000006,-0.6851122668926308,0.9800000000000006,0.4233589799304269
1.0000000000000004,4.903506076554741,1.0000000000000004,19.00496294002576,1.0000000000000004,21.37764900081072,1.0000000000000004,19.7972982862982,1.352397453764737,56.46107494929561,1.4322705186636033,76.05478515164441,1.0000000000000004,-0.665541877838244,1.0000000000000004,0.7518747015748524
1.0200000000000005,7.398923048948461,1.0200000000000005,21.33884661369869,1.0200000000000005,23.312046322787296,1.0200000000000005,21.05635019534975,1.377432295001695,68.83932361681116,1.478872171182616,77.45716325559306,1.0200000000000005,-0.5822266995951111,1.0200000000000005,0.9970707146470765
1.0400000000000007,9.889815082336838,1.0400000000000007,23.29097720613095,1.0400000000000007,23.211786939568015,1.0400000000000007,25.469861239646207,1.4012750009416552,81.18929853223096,1.5061829070774795,87.44668378176266,1.0400000000000007,-0.47004551393180094,1.0400000000000007,1.4844334421761651
1.0600000000000007,12.371618263767843,1.0600000000000007,24.916327776537166,1.0600000000000003,23.521583098059523,1.0600000000000003,31.563819953222264,1.4322705186636033,93.4465355407765,1.5264492071264457,99.72274303098948,1.0600000000000003,-0.31045407885068954,1.0600000000000003,1.7549741477327707
1.0800000000000007,14.54017656671408,1.0800000000000007,25.144376465599954,1.0800000000000005,24.903366540599677,1.0800000000000005,38.072270015533945,1.4692267128705414,104.78445149992956,1.551086669931071,110.63923871515522,1.0800000000000005,-0.08766149145537838,1.0800000000000005,2.020065023010133
1.1000000000000008,16.456365379380763,1.1000000000000008,25.211612148927905,1.1000000000000005,27.784201907382,1.1000000000000005,48.90395110065094,1.5073750423744776,114.371373991793,1.59559305435233,110.37798924579056,1.1000000000000005,0.12078771719299297,1.1000000000000005,1.8568870596496545
1.1200000000000008,17.747760420455172,1.1200000000000008,24.646566822428095,1.1200000000000006,31.054458947460148,1.1200000000000006,57.87231639217367,1.5455233718784136,114.46467737370904,1.614667219104298,99.16292273949375,1.1200000000000006,0.19048828153060882,1.1200000000000006,1.5403153815460975
1.1400000000000008,18.54677911733079,1.1400000000000008,23.284421135279906,1.1400000000000006,34.64040869942892,1.1400000000000006,69.32269135409723,1.5753267543033638,102.76028646447514,1.632549248559268,86.56696618084095,1.1400000000000006,0.12937977908643106,1.1400000000000006,0.9137664244979504
1.1600000000000008,18.718837810154238,1.1600000000000008,21.96718695888002,1.1600000000000006,38.90274103579446,1.1600000000000006,84.68555544407769,1.600361595540322,90.01919131173099,1.644470601529248,70.0336069053352,1.1600000000000006,-0.04450608708325632,1.1600000000000006,0.4306895101067205
1.1800000000000008,18.32468788335594,1.1800000000000008,20.352003749626693,1.1800000000000006,43.61681241130526,1.1800000000000006,90.87301518346146,1.6362173571654155,83.10756386672654,1.6526452435658057,55.833720781365514,1.1800000000000006,-0.5114162649950131,1.1800000000000006,-0.30925253684042175
1.2000000000000006,17.357283213343102,1.2000000000000006,18.739068191287515,1.2000000000000006,47.872350098219385,1.2000000000000006,94.76185069924566,1.671889713360202,85.96049419838732,1.6623526309842183,40.17652469223242,1.2000000000000006,-1.1571850901215868,1.2000000000000006,-0.8206215226870199
1.2200000000000009,16.095425897942334,1.2200000000000009,16.567660950738016,1.2200000000000004,53.010823191408235,1.2200000000000004,99.77359086823697,1.7040773663791484,83.12322317557971,1.671889713360202,26.268100561295228,1.2200000000000004,-1.8521156466292332,1.2200000000000004,-0.6080709693726831
1.2400000000000009,14.66944795615715,1.2400000000000009,14.184109721042624,1.2400000000000004,62.46657994816621,1.2400000000000004,101.88263165858882,1.7227180273867535,67.00718448100702,1.683811066330182,12.235271921136928,1.2400000000000004,-2.3548021287950256,1.2400000000000004,-0.33101858669698814
1.260000000000001,13.166360928041478,1.260000000000001,11.773883100932366,1.2600000000000007,73.95651600660665,1.2600000000000007,102.23001190429352,1.7338807488040981,53.53756898259587,1.700500960488154,-1.6047297297285468,1.2600000000000007,-2.496141640134688,1.2600000000000007,0.09859047237827312
1.280000000000001,10.82924690433262,1.280000000000001,9.400261032244899,1.2800000000000007,84.9947705212494,1.2800000000000007,101.62181861793698,1.7432475261376539,39.24882249489667,1.725774228784512,-14.68586387434425,1.2800000000000007,-2.1993750578272255,1.2800000000000007,0.5476161745670787
1.300000000000001,8.951896383558953,1.300000000000001,6.974610009317885,1.3000000000000007,93.98949566833824,1.3000000000000007,100.9446877051181,1.7493785076650725,26.29298146313954,1.7612998606350525,-23.05414052796118,1.3000000000000007,-1.5849092565739618,1.3000000000000007,0.7568679493117614
1.320000000000001,6.93902452156091,1.320000000000001,4.754581449899355,1.3200000000000007,98.30451276753786,1.3200000000000007,100.04042769243426,1.7577234547440586,13.603721522570709,1.8054088666239785,-25.210485354463117,1.3200000000000007,-0.6730355863513822,1.3200000000000007,0.5542341011330478
1.340000000000001,4.918064847061274,1.340000000000001,2.6714586888219856,1.3400000000000007,99.15160462407022,1.3400000000000007,97.09412528484546,1.7720290783080344,0.9766638366126017,1.8507100079099026,-20.619958964198304,1.3400000000000007,0.32029000425118426,1.3400000000000007,0.35609230421588123
1.3600000000000012,3.1750878577786494,1.3600000000000012,0.44982832485163016,1.3600000000000008,99.03296683985627,1.3600000000000008,96.37177180487572,1.7922953783570004,-11.740869856051859,1.8972032844928248,-19.031728063140235,1.3600000000000008,1.0719959875829836,1.3600000000000008,0.15755113513317553
1.3800000000000008,1.611012178748524,1.3800000000000008,-1.7679916301710605,1.3800000000000008,97.228520778149,1.3800000000000008,94.15340920545657,1.8244830313759468,-21.128462395640327,1.943696561075747,-16.477288807130435,1.3800000000000008,1.503089826097419,1.3800000000000008,0.08621774058447329
1.400000000000001,-0.19253858635287457,1.400000000000001,-3.7587212044115788,1.4000000000000006,94.98653748605875,1.4000000000000006,92.43530771561495,1.8626313608798826,-23.78760878024491,1.9889977023616712,-16.066753926700358,1.4000000000000006,1.7782829384794638,1.4000000000000006,0.08879687584098406
1.420000000000001,-2.1160652285657093,1.420000000000001,-5.6057502286907095,1.4200000000000006,92.35605768552097,1.4200000000000006,88.50231322090406,1.9007796903838188,-21.734934378094067,2.0317821135761553,-27.781511878368974,1.4200000000000006,1.9634922614812567,1.4200000000000006,0.12705476770911162
1.440000000000001,-4.086931422725733,1.440000000000001,-7.279307916173757,1.4400000000000008,90.57489463204382,1.4400000000000008,86.62757068213864,1.938928019887755,-21.361720850430174,2.0521808731025653,-37.67581717843359,1.4400000000000008,1.9762561133168504,1.4400000000000008,0.44047906630634515
1.460000000000001,-6.041163986912117,1.460000000000001,-9.221906156330576,1.4600000000000009,86.03203777677987,1.4600000000000009,86.76867915750165,1.9770763493916912,-22.201451287673763,2.0641022260725457,-48.94686571387979,1.4600000000000009,1.7214655857848697,1.4600000000000009,1.1265738151823825
1.480000000000001,-7.944094285091502,1.480000000000001,-10.770656026886599,1.4800000000000009,83.49806029727148,1.4800000000000009,86.3716205684828,2.0152246788956276,-22.131473751236854,2.16304945572338,146.67507821958077,1.4800000000000009,1.212090738699004,1.4800000000000009,1.7276537809912362
1.500000000000001,-9.62329123760631,1.500000000000001,-12.26813071161866,1.5000000000000009,80.04091446842858,1.5000000000000009,84.69750372523214,2.0533730083995634,-24.673990908446285,2.170202267505368,132.78324135653986,1.5000000000000009,0.6146877031138196,1.5000000000000009,1.9778140489676446
1.5200000000000011,-11.211893573253626,1.5200000000000011,-13.8085438276471,1.520000000000001,76.92614939722091,1.520000000000001,84.55598703246937,2.082835780739657,-33.261234308353096,2.179739349881352,116.77652783673739,1.520000000000001,0.08875051224567088,1.520000000000001,2.075902867254232
1.5400000000000014,-12.990020935750977,1.5400000000000014,-15.392865372752695,1.540000000000001,77.59807850597474,1.540000000000001,83.99293759829607,2.105826961467476,-45.64392599405528,2.18689216166334,103.21228951464582,1.540000000000001,-0.2510269485483896,1.540000000000001,1.8485968870609462
1.5600000000000014,-14.680760032384711,1.5600000000000014,-16.372984072652514,1.560000000000001,79.04121264373447,1.560000000000001,84.148942236202,2.22861689705827,145.4547292243626,2.196429244039324,87.66587267896205,1.560000000000001,-0.48305358077769966,1.560000000000001,1.5603502923979171
1.5800000000000012,-15.861003393980766,1.5800000000000012,-17.356742925814757,1.5800000000000007,79.45046055439582,1.5800000000000007,83.1321700920692,2.2371321491796845,132.01904222846633,2.2107348676033,74.49972878637845,1.5800000000000007,-0.5696834646916358,1.5800000000000007,0.9903572663119249
1.6000000000000008,-17.147698464410837,1.6000000000000008,-17.871390177316925,1.6000000000000008,81.47279856465406,1.6000000000000008,81.17030818613893,2.246328621470812,117.78361195900493,2.229809032355268,62.75594311589134,1.6000000000000008,-0.5001907039930416,1.6000000000000008,0.5555785034108212
1.6200000000000017,-17.518315888715108,1.6200000000000017,-18.42140197585546,1.6200000000000012,78.06689426291257,1.6200000000000012,74.3694702034694,2.25245960299823,104.29460874487086,2.2715337677501983,62.86790717419058,1.6200000000000012,-0.3116986747317938,1.6200000000000012,0.48810844041472023
1.6400000000000008,-19.0376165093289,1.6400000000000008,-18.43269846777467,1.6400000000000008,74.25054437606445,1.6400000000000008,68.03061554604881,2.259612414780218,90.9833262581958,2.31802704433312,68.31682467808184,1.6400000000000008,-0.0007891928763719136,1.6400000000000008,0.5462669704873484
1.6600000000000017,-19.719931962248523,1.6600000000000017,-18.28030124511521,1.6600000000000013,70.55812876282852,1.6600000000000013,58.485423751544204,2.267957361859204,75.6038188057172,2.3633281856190447,73.57913541814116,1.6600000000000013,0.33117434461830797,1.6600000000000013,0.5254200016753785
1.6800000000000013,-20.31309052355752,1.6800000000000013,-17.90893701176745,1.6800000000000008,65.357434720213,1.6800000000000008,53.02289591869243,2.279553587020912,60.696483013237525,2.4110135974989646,76.67680769775063,1.6800000000000008,0.6626026339683797,1.6800000000000008,0.9141625869233607
1.7000000000000017,-20.61001671049152,1.7000000000000017,-16.984662088485706,1.7000000000000013,57.81930504321758,1.7000000000000013,48.8313177656172,2.3033808106842875,48.36589581354065,2.453930468190893,73.28056459601021,1.7000000000000013,0.892038710041458,1.7000000000000013,1.4407576834102258
1.7200000000000013,-20.467610047686534,1.7200000000000013,-15.952879434640948,1.7200000000000009,45.65598320891456,1.7200000000000009,46.929759440756186,2.339485479679084,50.855096752512395,2.495655203585823,76.30359417008685,1.7200000000000009,0.8146413993118458,1.7200000000000009,2.151829348871594
1.7400000000000013,-19.917849338708862,1.7400000000000013,-14.328971524037108,1.7400000000000013,32.083387469523814,1.7400000000000013,42.367004256625364,2.3704809974010326,64.09951181548115,2.5230743154167765,88.43303381915985,1.7400000000000013,0.584563295891062,1.7400000000000013,2.548308979177122
1.7600000000000013,-19.08238236683333,1.7600000000000013,-12.754360065945619,1.760000000000001,23.860501704520516,1.760000000000001,38.43941134204374,2.3955158386379907,76.06609465248266,2.551685562544729,101.68211405122429,1.760000000000001,0.4655329912384829,1.760000000000001,2.811628509446635
1.7800000000000014,-18.008924015948068,1.7800000000000014,-10.87922423150944,1.7800000000000014,18.373369335920415,1.7800000000000014,32.28766484628147,2.4277034916569367,87.7332584547903,2.5888801838110664,106.94442479128361,1.7800000000000014,0.4703632871812218,1.7800000000000014,2.689313173940562
1.800000000000001,-16.749426145113034,1.800000000000001,-8.705750513128415,1.800000000000001,18.76310141389672,1.800000000000001,21.929143433638615,2.4646596858638743,99.06961935757784,2.623213680364609,98.74305752087196,1.800000000000001,0.5114376275076715,1.800000000000001,2.3281408541592192
1.8200000000000018,-14.914744685407314,1.8200000000000018,-6.285779606497819,1.8200000000000014,18.330016420440757,1.8200000000000014,15.561507594356954,2.501615880070813,109.169710449979,2.647056386304569,87.22008985425259,1.8200000000000014,0.4817039992193024,1.8200000000000014,1.7300978525553532
1.840000000000001,-12.911597338712198,1.840000000000001,-3.3191745742361434,1.840000000000001,17.5253996734059,1.840000000000001,10.541105430994435,2.5397642095747486,106.93042928399632,2.664938415759539,72.48852255396821,1.840000000000001,0.36846578259996576,1.840000000000001,0.9413214590616263
1.8600000000000019,-10.875218746520886,1.8600000000000019,-0.2521939329286482,1.8600000000000014,17.69982980404518,1.8600000000000014,9.69939686000771,2.568375456702701,92.86494446016741,2.673879430487024,55.590243384746714,1.8600000000000014,0.21530107689864053,1.8600000000000014,0.4066764812066346
1.8800000000000014,-8.577378690513775,1.8800000000000014,2.4917196440474427,1.880000000000001,17.716356480277682,1.880000000000001,9.316445741725488,2.591026027345663,80.10358645175438,2.6792440393235157,43.261756520919675,1.880000000000001,0.05333284275850758,1.880000000000001,-0.08242941343587518
1.900000000000002,-6.127928994099165,1.900000000000002,5.516411925509317,1.9000000000000015,17.725090796750806,1.9000000000000015,10.229315226915105,2.623213680364609,74.1576163860201,2.6840125805115074,29.726545917646263,1.9000000000000015,-0.11926602723500679,1.9000000000000015,-0.10298404572705167
1.9200000000000015,-3.68459868137338,1.9200000000000015,8.635990472432795,1.920000000000001,17.27331659804247,1.920000000000001,13.909055512070495,2.6599864691412396,80.69603030336066,2.689973256996497,15.26244831218753,1.920000000000001,-0.2731869078248863,1.920000000000001,-0.03909203999268129
1.9400000000000015,-1.0794971523904664,1.9400000000000015,11.73554640606256,1.9400000000000015,17.40185865517799,1.9400000000000015,15.11248404571029,2.6923575275904934,78.91608886373331,2.698318204075483,0.690533465403746,1.9400000000000015,-0.3773631221323299,1.9400000000000015,0.22390129396687897
1.9600000000000015,1.5167615852668206,1.9600000000000015,14.590970750888623,1.960000000000001,18.524164982217712,1.960000000000001,15.371149638338693,2.7114316923424617,64.3607612848457,2.7064928461120408,-13.619539509590595,1.960000000000001,-0.44400336160840936,1.960000000000001,0.31703202864519753
1.980000000000002,4.078488715560248,1.980000000000002,17.595602941887012,1.9800000000000015,19.65045400140548,1.9800000000000015,15.788335900993502,2.718754809166878,51.72481756251466,2.7245451806094394,-26.703339465118233,1.9800000000000015,-0.46380704744871437,1.9800000000000015,0.6743461882963047
2.000000000000001,6.792382833333008,2.000000000000001,20.528041124298383,2.000000000000001,20.44072047930365,2.000000000000001,16.992336646274907,2.728121586500434,38.93558971275024,2.768654186598366,-30.584760152821673,2.000000000000001,-0.4005183504163803,2.000000000000001,0.8535676444826557
2.0200000000000022,9.34567207568631,2.0200000000000022,22.863115639508532,2.0200000000000014,22.097247200164134,2.0200000000000014,19.567633552735742,2.7385858852185274,25.25627721962894,2.8127631925872922,-34.831100734240636,2.0200000000000014,-0.25976936990246813,2.0200000000000014,1.1905026826892495
2.040000000000002,11.739085283695402,2.040000000000002,24.812649453039494,2.040000000000001,23.42035511357949,2.040000000000001,22.909141322169717,2.748652805504288,12.567017279060224,2.858064333873216,-36.06760615922758,2.040000000000001,-0.06890998067465404,2.040000000000001,1.5489593122917356
2.0600000000000014,14.050675484393729,2.0600000000000014,26.34318067770222,2.0600000000000014,24.678034706750623,2.0600000000000014,28.882326466364816,2.7650777807073714,0.807829145526739,2.9021733398621423,-31.405829913681828,2.0600000000000014,0.1458174021928187,2.0600000000000014,1.8750492202571856
2.080000000000002,15.837964767816857,2.080000000000002,26.527740609156517,2.080000000000001,27.715727862614358,2.080000000000001,37.21863967129144,2.785344080756338,-11.550870241968369,2.9445792954267853,-27.503082738683588,2.080000000000001,0.3327372962232893,2.080000000000001,2.25512813085237
2.1000000000000014,17.20066014751059,2.1000000000000014,26.706375211526552,2.1000000000000014,31.937821752079344,2.1000000000000014,48.221846570607,2.8163395984782857,-22.94787834300132,2.9927756224339905,-24.65066506296739,2.1000000000000014,0.48993812500789247,2.1000000000000014,2.398827840619507
2.120000000000002,18.079945703021334,2.120000000000002,26.234118443931706,2.120000000000001,36.61031455234621,2.120000000000001,57.77866445592889,2.8544879279822215,-26.74999115607602,3.040919547889679,-33.306348031477455,2.120000000000001,0.5783370622070017,2.120000000000001,2.2684210848020605
2.1400000000000023,18.401435125912258,2.1400000000000023,25.04450671027906,2.1400000000000023,42.02592047880546,2.1400000000000023,68.71815065761643,2.892636257486158,-23.46104694353903,3.067880146144865,-43.050091976792146,2.1400000000000023,0.5180696924792407,2.1400000000000023,1.6882511674420293
2.160000000000002,18.230593414052358,2.160000000000002,23.738454776924595,2.160000000000001,47.77318753049849,2.160000000000001,85.4020141976032,2.930784586990094,-23.997541389555636,3.1799408640626767,147.06487901514072,2.160000000000001,0.2943159759132641,2.160000000000001,1.1413896232037466
2.1800000000000024,17.669229487872126,2.1800000000000024,21.82036745684069,2.1800000000000015,53.12570652400444,2.1800000000000015,100.4283698715144,2.9689329164940306,-27.543069902361594,3.1847094052506693,132.1363379085892,2.1800000000000015,-0.08885583208452275,2.1800000000000015,0.7238837756812622
2.200000000000002,16.553153032990487,2.200000000000002,20.10697469174076,2.200000000000001,59.6107888199528,2.200000000000001,111.4773785867327,3.0070812459979663,-26.726665310597127,3.1882858111416628,116.7226192160748,2.200000000000001,-0.6294486939506001,2.200000000000001,0.39091158483579846
2.2200000000000024,15.159250289150094,2.2200000000000024,18.544227146736194,2.2200000000000015,68.95862769933365,2.2200000000000015,111.60088103244976,3.045229575501903,-24.767294290362315,3.191862217032657,103.1749681618794,2.2200000000000015,-1.1354082024782812,2.2200000000000015,-0.21062592404433644
2.240000000000002,13.5301723320271,2.240000000000002,16.81293612500523,2.240000000000001,80.8163728850667,2.240000000000001,107.58705703117846,3.0833779050058387,-30.062261214092132,3.196630758220649,88.39571246639355,2.240000000000001,-1.4862785928773086,2.240000000000001,-0.29325319372203396
2.2600000000000025,11.91940577929094,2.2600000000000025,14.57792364545908,2.2600000000000016,90.75988552983273,2.2600000000000016,106.68457714658257,3.118744585483446,-41.25866704400573,3.2025914347056395,73.08151738125616,2.2600000000000016,-1.6593521456699953,2.2600000000000016,-0.028677976809120764
2.280000000000001,10.047152143441828,2.280000000000001,12.038438816488323,2.280000000000001,98.11810226927906,2.280000000000001,107.6631815662331,3.135831858073751,-47.883207160037955,3.2121285170816227,58.650594311589884,2.280000000000001,-1.4626495755135878,2.280000000000001,0.4698942800936514
2.3000000000000025,8.132996771106122,2.3000000000000025,9.358763461523452,2.3000000000000016,102.50433799614234,2.3000000000000016,107.4632279595287,3.259643623919115,143.53534536780614,3.2308775540253185,42.91794769543537,2.3000000000000016,-0.8071538079570502,2.3000000000000016,0.7522209188522773
2.320000000000001,5.806002244227081,2.320000000000001,7.17882564367693,2.320000000000001,104.5929189167141,2.320000000000001,107.5782365061998,3.2669667407435314,131.41479175510585,3.270940525066858,42.0301518796291,2.320000000000001,0.014584718182742762,2.320000000000001,0.6862961561092504
2.3400000000000025,4.083551309208147,2.3400000000000025,5.08979243295655,2.3400000000000016,105.54782040584337,2.3400000000000016,107.30083883319458,3.272927417228521,118.40208009056198,3.3089563950933494,53.205823624672576,2.3400000000000016,0.8198322400932057,2.3400000000000016,0.546288523641401
2.360000000000001,1.8133609570239742,2.360000000000001,3.115392266475915,2.360000000000001,107.17865308969056,2.360000000000001,105.94048640404674,3.278490715281179,103.67258619876452,3.3504162115333918,62.074828427905004,2.360000000000001,1.4607405777941018,2.360000000000001,0.44587122619868325
2.3800000000000026,-0.11512787895603793,2.3800000000000026,1.0225952451008666,2.3800000000000017,106.18694874780022,2.3800000000000017,102.93408803991531,3.28574287167125,89.1328091835295,3.3782327017966782,65.72921088627947,2.3800000000000017,1.8127461418845137,2.3800000000000017,0.3816252068191588
2.400000000000002,-2.1826822371689047,2.400000000000002,-1.138652912993301,2.4000000000000012,104.72963271275603,2.4000000000000012,101.60552603069902,3.295577987871483,74.95069513230567,3.4135993822742856,69.79901554508933,2.4000000000000012,1.8836143087242405,2.4000000000000012,0.5003657082762416
2.4200000000000017,-4.170697602723976,2.4200000000000017,-3.079701488067201,2.4200000000000017,102.06439693136093,2.4200000000000017,97.48252650753,3.3090888545707946,61.00183953587157,3.4553241176692158,68.69003820574562,2.4200000000000017,1.7939344119642513,2.4200000000000017,0.3672708912909961
2.440000000000002,-5.703199804875858,2.440000000000002,-5.024872140779408,2.4400000000000013,97.0618222901536,2.4400000000000013,96.79560051452631,3.3408791291574076,52.88444530918423,3.503804286413801,65.88471652280623,2.4400000000000013,1.5888451505700907,2.4400000000000013,0.4585398746741127
2.4600000000000017,-7.843901812827568,2.4600000000000017,-6.946669976829092,2.4600000000000017,93.2693404358676,2.4600000000000017,94.7556371599419,3.376643188067348,61.321736845297664,3.53638931786508,74.76408836847372,2.4600000000000017,1.2632052105128402,2.4600000000000017,0.6736386447464149
2.480000000000002,-9.219195471824605,2.480000000000002,-8.76590598304805,2.4800000000000013,90.01606344458077,2.4800000000000013,94.63926203987216,3.4124072469772875,73.57447024904536,3.56023202380504,87.17343816329458,2.4800000000000013,0.773834549783647,2.4800000000000013,0.8125992097442563
2.5000000000000027,-10.535775798228073,2.5000000000000027,-10.664497688711847,2.5000000000000018,86.94689453115467,2.5000000000000018,94.7166156013173,3.450555576481224,84.0244490236314,3.5900354062299904,98.57200132069272,2.5000000000000018,0.14144212454003835,2.5000000000000018,1.1608331342299039
2.5200000000000022,-12.121467470339198,2.5200000000000022,-12.147110983320381,2.5200000000000014,85.10214579985228,2.5200000000000014,93.99447124601448,3.4875117706881618,95.56141219753817,3.626991600436928,95.29083238998192,2.5200000000000014,-0.4868229436370761,2.5200000000000014,1.205774082028345
2.5400000000000027,-14.120541442821697,2.5400000000000027,-13.569181876245672,2.540000000000002,84.7745638838519,2.540000000000002,92.56956005983875,3.5244679648951003,104.45788966322368,3.650834306376888,83.30134781378285,2.540000000000002,-0.8468680752813107,2.540000000000002,0.8418051571693645
2.5600000000000023,-15.445649166701713,2.5600000000000023,-14.553606027848446,2.5600000000000014,86.57630806768395,2.5600000000000014,90.05434193118407,3.562616294399036,100.11928240413215,3.675869147613846,69.21253714447494,2.5600000000000014,-0.861081479023099,2.5600000000000014,0.29753132496554713
2.5800000000000027,-16.859488472649332,2.5800000000000027,-15.634324712199685,2.580000000000002,87.9138899506886,2.580000000000002,87.88209827370616,3.5983803533089764,86.99349592674253,3.6889826358808246,55.73538197883829,2.580000000000002,-0.8362760366575159,2.580000000000002,-0.10715509289931191
2.6000000000000023,-17.83399539812953,2.6000000000000023,-16.45723034896824,2.6000000000000014,88.91904350842401,2.6000000000000014,84.1041233550385,3.634144412218916,78.75280794538048,3.6961354476628125,40.98515400217059,2.6000000000000014,-0.8322391518755339,2.6000000000000014,-0.4701854780709809
2.6200000000000028,-18.796635587762268,2.6200000000000028,-17.483127161477256,2.620000000000002,87.33579763707286,2.620000000000002,81.82320748497,3.6736682824501576,79.28930239139709,3.7032882594448004,26.438120057231004,2.620000000000002,-0.6519142490699146,2.620000000000002,-0.5938025580547794
2.6400000000000023,-19.6468303463933,2.6400000000000023,-17.835879316580332,2.6400000000000015,86.22330290543027,2.6400000000000015,80.57931776969548,3.7104410712267883,79.68584176453987,3.7104410712267883,11.874498844395248,2.6400000000000015,-0.3193243648574082,2.6400000000000015,-0.6577564870412864
2.660000000000003,-20.048050936246824,2.660000000000003,-18.21139731060765,2.660000000000002,81.24781219090431,2.660000000000002,75.46730096823677,3.741436588948736,73.54181406537475,3.7199781536027725,-3.004280458467747,2.660000000000002,-0.046013413819380844,2.660000000000002,-0.675275174714244
2.6800000000000015,-20.030146264833917,2.6800000000000015,-18.235296056822037,2.6800000000000015,71.52761152005769,2.6800000000000015,70.81346795354557,3.7589780083188504,60.25541248054401,3.7295152359787567,-16.626574218195856,2.6800000000000015,0.03577154507865998,2.6800000000000015,-0.6856065650886443
2.700000000000003,-19.704054540094887,2.700000000000003,-17.712404255427202,2.700000000000002,59.03547417003932,2.700000000000002,65.45029799198835,3.7676635654826924,46.91302886656365,3.7509736713247204,-28.289496957689153,2.700000000000002,-0.07501871545881045,2.700000000000002,-0.4499229475661011
2.7200000000000015,-19.10016732443691,2.7200000000000015,-17.188835570723,2.7200000000000015,46.38502382523984,2.7200000000000015,62.081064566134955,3.7772006478586766,32.45100466959195,3.796274812610645,-28.64404980896984,2.7200000000000015,-0.3097633526245289,2.7200000000000015,0.014137610003043477
2.740000000000003,-18.255613431096478,2.740000000000003,-16.083626097043506,2.740000000000002,34.17918787831877,2.740000000000002,60.07064036419507,3.7865674251922323,18.40218116396227,3.843960224490565,-29.987618508559535,2.740000000000002,-0.4947569152406288,2.740000000000002,0.7095963605764339
2.7600000000000025,-17.33543622265175,2.7600000000000025,-14.783443364766867,2.7600000000000016,26.362457083460754,2.7600000000000016,56.04685472882193,3.794060847059077,5.286391477492089,3.8904535010734866,-30.103729383832615,2.7600000000000016,-0.5621840086623138,2.7600000000000016,1.3481398361518373
2.780000000000002,-16.112646570820473,2.780000000000002,-12.848295642090179,2.780000000000002,23.37072710390612,2.780000000000002,50.76103798517113,3.8081961655806245,-7.2589146738349655,3.9369467776564093,-26.554054054052585,2.780000000000002,-0.5105716093134305,2.780000000000002,1.7800427720070608
2.8000000000000025,-14.535596590594693,2.8000000000000025,-10.880514744045406,2.8000000000000016,22.11043895105979,2.8000000000000016,44.05378156626307,3.839191683302573,-20.125451040044027,3.9810557836453357,-22.805331509518737,2.8000000000000016,-0.4470341604527768,2.8000000000000016,1.7880692767827249
2.820000000000002,-12.641435462338137,2.820000000000002,-8.931655971193138,2.820000000000002,21.849471016645793,2.820000000000002,36.24160870702684,3.877340012806509,-25.023878590631057,4.030041706758344,-27.44976652044579,2.820000000000002,-0.37703241625159833,2.820000000000002,1.7659823090170867
2.8400000000000025,-10.677648104732619,2.8400000000000025,-6.798242132929545,2.8400000000000016,22.797185282973373,2.8400000000000016,31.14291684855891,3.9154883423104447,-22.038170369320824,4.05616030735621,-37.2777227489255,2.8400000000000016,-0.24848462283658534,2.8400000000000016,1.4666083353568915
2.860000000000003,-8.58688278901274,2.860000000000003,-4.44773626188767,2.860000000000002,24.03240576216899,2.860000000000002,27.983959009599175,3.9536366718143814,-18.912507075136546,4.069273795623188,-48.64829489174895,2.860000000000002,-0.14155163942238147,2.860000000000002,1.1768363228206056
2.8800000000000026,-6.299701921787431,2.8800000000000026,-1.7629746497711167,2.8800000000000017,25.363148641570433,2.8800000000000017,24.56849457512908,3.991785001318317,-18.00279910145605,4.165836754680026,146.67507821958077,2.8800000000000017,-0.09694167756790506,2.8800000000000017,0.7645192702750947
2.900000000000003,-3.707878521158449,2.900000000000003,0.9719618486135673,2.900000000000002,24.877194076029582,2.900000000000002,23.489210475446043,4.029933330822254,-17.27969789160761,4.17537383705601,132.32294467242116,2.900000000000002,-0.08124192668063657,2.900000000000002,0.4765170720501928
2.9200000000000026,-1.14729176863257,2.9200000000000026,3.573532366327555,2.9200000000000017,23.65305915452211,2.9200000000000017,22.705447736443148,4.06808166032619,-18.679248620346698,4.184910919431994,118.207179692782,2.9200000000000017,-0.04531928949802122,2.9200000000000017,0.28716522051117366
2.940000000000003,1.325320412392955,2.940000000000003,6.654758011225304,2.940000000000002,24.151778119901564,2.940000000000002,22.41478108181957,4.102220080194769,-25.78726989721622,4.194448001807978,104.23240649026025,2.940000000000002,0.015941166796682893,2.940000000000002,0.4400753272412601
2.9600000000000026,3.8962166477146027,2.9600000000000026,9.515817380697882,2.9600000000000017,24.239328931217415,2.9600000000000017,22.80929928075932,4.128880560473088,-38.48622369564623,4.207561490074956,89.81036945696667,2.9600000000000017,0.07629754949783418,2.9600000000000017,0.5851905005321534
2.980000000000003,6.501819477269045,2.980000000000003,11.991351597785588,2.980000000000002,25.348104061522235,2.980000000000002,23.105904133548734,4.141994048740066,-47.1367801047104,4.233391088176579,72.66476227536475,2.980000000000002,0.08616276101476572,2.980000000000002,0.8355338375996553
3.0000000000000027,9.103640731738665,3.0000000000000027,14.657486725989386,3.0000000000000018,24.833677285899967,3.0000000000000018,23.670288883510466,4.257929206373122,143.94854605914816,4.268360390221854,66.64669414178638,3.0000000000000018,0.10757134636335408,3.0000000000000018,1.024912567878566
3.020000000000003,11.404860742479762,3.020000000000003,17.21791130891505,3.0200000000000022,26.389152736439996,3.0200000000000022,26.390304740678744,4.268360390221854,130.55951075420978,4.308495611887453,73.06907693033406,3.0200000000000022,0.27780794221572336,3.0200000000000022,1.4905321980734278
3.040000000000002,13.848867439560777,3.040000000000002,19.272160823223263,3.040000000000002,27.971123872662247,3.040000000000002,27.56390393020115,4.2778974725978385,116.6106551577758,4.3422727786357305,80.45559466534644,3.040000000000002,0.455798260635909,3.040000000000002,1.6718368761865285
3.060000000000003,16.157220243264995,3.060000000000003,21.05316379890486,3.0600000000000023,27.122701121448472,3.0600000000000023,31.391665876699676,4.287434554973823,101.82206912409822,4.379228972842669,85.26071883401767,3.0600000000000023,0.5235557292776285,3.0600000000000023,1.946414406620935
3.0800000000000027,18.138550919619302,3.0800000000000027,22.608085974544494,3.0800000000000027,27.56028003542258,3.0800000000000027,37.05236332049191,4.296971637349807,88.01316860053817,4.422543221966929,80.7199542474417,3.0800000000000027,0.5913130981314048,3.0800000000000027,2.2413246022292093
3.100000000000003,19.838001527380904,3.100000000000003,23.02387277262684,3.1000000000000023,27.91733731360398,3.1000000000000023,43.525804318253506,4.3074359360679,74.89367639891248,4.459102037741535,72.43150382057502,3.1000000000000023,0.6256577962454344,3.1000000000000023,2.446704135370638
3.1200000000000028,21.358307911853608,3.1200000000000028,23.348875237573164,3.120000000000002,28.921067388097754,3.120000000000002,53.897376797288985,4.335119966853743,60.37204170793893,4.50599269275679,74.90404344134765,3.120000000000002,0.5529847712055833,3.120000000000002,2.6371701483561196
3.1400000000000032,22.26553745995068,3.1400000000000032,23.12674412687956,3.1400000000000023,31.264536896472578,3.1400000000000023,66.45051724144622,4.373268296357678,60.675277699165804,4.541624292189286,86.67063660519204,3.1400000000000023,0.46353751412144106,3.1400000000000023,2.629799034814912
3.160000000000003,22.974454096721455,3.160000000000003,22.269116164386343,3.160000000000002,33.78574817597371,3.160000000000002,79.01725931727452,4.4066480846736225,71.887234092732,4.560910392105164,94.59105702561237,3.160000000000002,0.33138047823451444,3.160000000000002,2.0430394081799683
3.1800000000000024,23.13867124677933,3.1800000000000024,21.07168660014616,3.1800000000000024,38.437485123158865,3.1800000000000024,93.3224067816837,4.435259331801575,83.42575232300419,4.604542543975291,100.63711617376566,3.1800000000000024,0.12177189430989444,3.1800000000000024,1.0564413557612085
3.200000000000003,22.888900270761223,3.200000000000003,19.092349124525438,3.200000000000002,43.75541924677117,3.200000000000002,112.69798572734885,4.4638705789295265,95.43078746285585,4.645790425251422,93.17284562048997,3.200000000000002,-0.18693964827327747,3.200000000000002,0.5582163882641531
3.2200000000000033,22.09101106661866,3.2200000000000033,17.187013708603388,3.2200000000000024,49.88398876601252,3.2200000000000024,127.18446847662835,4.497250367245471,107.72350803028189,4.666533579419188,80.47114522899903,3.2200000000000024,-0.6009030011752792,3.2200000000000024,0.3252758062745045
3.240000000000003,20.750852683400456,3.240000000000003,15.231776962810628,3.240000000000002,58.750508642768295,3.240000000000002,128.14241565027464,4.535398696749407,110.91914886090296,4.669513917661683,64.92058157634142,3.240000000000002,-1.0003440153796745,3.240000000000002,0.22837151659651767
3.2600000000000033,18.995043902296672,3.2600000000000033,13.301642177626874,3.2600000000000025,71.28666190474587,3.2600000000000025,127.14058728105351,4.566394214471355,100.3385453516347,4.674878526498174,52.54233290882564,3.2600000000000025,-1.277188905775656,3.2600000000000025,0.2944122798665809
3.280000000000003,17.20350640640421,3.280000000000003,11.152580596949264,3.280000000000002,84.18601026841833,3.280000000000002,122.5172390783759,4.58785264981732,87.87321352766423,4.679647067686165,36.892245648791004,3.280000000000002,-1.3655711133548998,3.280000000000002,0.5433494950908049
3.3000000000000034,15.471436272074158,3.3000000000000034,8.82254374173121,3.3000000000000025,94.07736701427336,3.3000000000000025,121.0418647860875,4.610503220460282,75.65895262230401,4.684415608874158,22.03834724777232,3.3000000000000025,-1.2193554865688228,3.3000000000000025,0.8604318422636084
3.320000000000003,13.735931995810574,3.320000000000003,6.590606042108462,3.320000000000002,98.84844270605231,3.320000000000002,117.77484782704329,4.642415765333766,66.3416638547535,4.6903762853591475,6.189212772983524,3.320000000000002,-0.7449445963465102,3.320000000000002,1.2588757047176315
3.3400000000000034,11.863186369976297,3.3400000000000034,4.601465103130529,3.3400000000000025,99.53489654018904,3.3400000000000025,116.6245731474088,4.680839202983163,69.049256226122,4.697529097141135,-8.6854197129054,3.3400000000000025,0.0035522944804995404,3.3400000000000025,1.1943949408215104
3.360000000000003,9.958456166525664,3.360000000000003,2.62586784887408,3.360000000000002,99.50496958155622,3.360000000000002,116.65495472769021,4.7142189912991075,80.7199542474417,4.704681908923123,-22.763863339778254,3.360000000000002,0.7909419842277998,3.360000000000002,1.0207951497113008
3.3800000000000034,7.946183905235905,3.3800000000000034,0.6301362627822726,3.3800000000000026,99.35312473216766,3.3800000000000026,116.15330336364741,4.747996158047384,87.5207340848707,4.715411126596106,-35.66046412904893,3.3800000000000026,1.4625494760656856,3.3800000000000026,0.6953210638269418
3.400000000000003,5.808776302097328,3.400000000000003,-1.172444235268003,3.400000000000002,101.02261536828149,3.400000000000002,113.58669378517783,4.7630965384760255,67.55973437910666,4.757135861991036,-36.59349794820855,3.400000000000002,1.9552209377705836,3.400000000000002,0.32859496050407344
3.4200000000000035,3.578575665476926,3.4200000000000035,-3.049753100959684,3.4200000000000026,102.38495601816919,3.4200000000000026,110.27571060656811,4.76826245809635,51.79590585349831,4.800052732682964,-30.584760152821673,3.4200000000000026,2.218874284774472,3.4200000000000026,0.022648006039005963
3.440000000000003,1.6485717656432897,3.440000000000003,-4.788540692926446,3.440000000000002,100.98655284164596,3.440000000000002,107.20406126757393,4.773030999284342,36.867364746946805,4.845353873968888,-33.45850431583267,3.440000000000002,2.1070722459757114,3.440000000000002,0.050290254259067524
3.4600000000000035,-0.4123077686638581,3.4600000000000035,-6.621837279587567,3.4600000000000026,100.62301297772404,3.4600000000000026,104.04858465289567,4.777402162040002,23.680486769492973,4.890655015254812,-30.734045563887094,3.4600000000000026,1.7874704190706048,3.4600000000000026,0.3100778914639122
3.480000000000003,-2.5931109228615696,3.480000000000003,-8.165655027425878,3.480000000000002,98.72550181551884,3.480000000000002,100.69530508420758,4.782851923397707,10.88459439244889,4.933571885946741,-25.285128059995714,3.480000000000002,1.4265317110934461,3.480000000000002,0.36241223114402743
3.5000000000000036,-4.628185030108078,3.5000000000000036,-9.60080631562704,3.5000000000000027,96.15363910241808,3.5000000000000027,98.95211421262627,4.789323515009982,-2.1458893448409526,4.976488756638669,-19.425675675674256,3.5000000000000027,0.90497648306755,3.5000000000000027,0.5122722950075591
3.520000000000003,-6.623607965823751,3.520000000000003,-11.07028809791231,3.5200000000000022,95.47164646393901,3.5200000000000022,95.61719627307309,4.799575878564165,-18.119428328850972,,,3.5200000000000022,0.23366753670695672,3.5200000000000022,0.6215356918849011
3.5400000000000036,-8.4767546705868,3.5400000000000036,-12.5856082365219,3.5400000000000027,93.6931329015095,3.5400000000000027,96.1377918978414,4.8286639798109166,-25.093856127067966,,,3.5400000000000027,-0.39651605893068265,3.5400000000000027,0.710114852635293
3.560000000000003,-9.90396616430263,3.560000000000003,-13.99175552562864,3.5600000000000023,90.77549455787755,3.5600000000000023,95.71639597049284,4.866812309314852,-25.537047191168767,,,3.5600000000000023,-0.9524974845848142,3.5600000000000023,0.7315169043853693
3.5800000000000036,-11.233244711381502,3.5800000000000036,-15.038870679087339,3.5800000000000027,87.10580760701941,3.5800000000000027,93.16970129739423,4.904960638818788,-22.994530033959336,,,3.5800000000000027,-1.3362064131195908,3.5800000000000027,0.45917705800164654
3.600000000000003,-12.766171928248788,3.600000000000003,-15.783588624667573,3.6000000000000023,85.49684954749677,3.6000000000000023,87.1150078203633,4.943108968322725,-22.108147905757733,,,3.6000000000000023,-1.292124790462033,3.6000000000000023,0.24618002941975803
3.6200000000000028,-14.38640383623072,3.6200000000000028,-16.51554517736153,3.6200000000000028,85.83588556656008,3.6200000000000028,83.9639376959484,4.9812572978266605,-22.59799066081655,,,3.6200000000000028,-1.0063508455162555,3.6200000000000028,-0.14048747556765306
3.6400000000000032,-15.602511288841285,3.6400000000000032,-17.054698201006943,3.6400000000000023,83.28285566087095,3.6400000000000023,80.9399827351545,5.001523597875627,-22.971204188480215,,,3.6400000000000023,-0.6789636813851949,3.6400000000000023,-0.1216617971261229
3.660000000000003,-16.33911123908922,3.660000000000003,-17.59450030844019,3.660000000000003,79.19748280237474,3.660000000000003,79.04425470394528,,,,,3.660000000000003,-0.37367365977795686,3.660000000000003,-0.05501485630681202
3.6800000000000033,-16.98141973972257,3.6800000000000033,-17.554190819171353,3.6800000000000024,77.14083256021343,3.6800000000000024,75.39158847867117,,,,,3.6800000000000024,-0.004159601070043095,3.6800000000000024,-0.029237078869211786
3.7000000000000037,-17.830956252628653,3.7000000000000037,-17.329292769331545,3.700000000000003,73.15122273502607,3.700000000000003,67.00509264586469,,,,,3.700000000000003,0.40967318885758885,3.700000000000003,0.14857509421977255
3.7200000000000033,-18.1691502133133,3.7200000000000033,-16.99868802614658,3.7200000000000024,67.23871372759248,3.7200000000000024,60.942558041911866,,,,,3.7200000000000024,0.6705708495302609,3.7200000000000024,0.33894064143936475
3.7400000000000038,-17.89499776582575,3.7400000000000038,-16.068013921445214,3.740000000000003,55.29904047240814,3.740000000000003,57.006194537213105,,,,,3.740000000000003,0.5493442354210494,3.740000000000003,0.7608231559608889
3.7600000000000033,-17.282170980722498,3.7600000000000033,-15.088261399602658,3.7600000000000025,41.01243362441113,3.7600000000000025,52.30460912203074,,,,,3.7600000000000025,0.22483008851224895,3.7600000000000025,1.1512267822842226
3.780000000000004,-16.63211993091656,3.780000000000004,-13.63089489303524,3.780000000000003,29.260888283190297,3.780000000000003,50.51977699483621,,,,,3.780000000000003,0.013444277618198441,3.780000000000003,1.5267711199640033
3.8000000000000034,-15.693834960891039,3.8000000000000034,-11.932960347455861,3.8000000000000025,19.289273513006833,3.8000000000000025,45.89093389745835,,,,,3.8000000000000025,-0.03319173501447992,3.8000000000000025,2.0366418887252635
3.820000000000004,-14.320842086684365,3.820000000000004,-9.752802917090754,3.820000000000003,17.128296761523302,3.820000000000003,38.83057822231041,,,,,3.820000000000003,-0.04810161841220406,3.820000000000003,2.1074261283382505
3.8400000000000025,-12.679317078066092,3.8400000000000025,-7.641110413107079,3.8400000000000025,17.690842949232206,3.8400000000000025,30.06427206263254,,,,,3.8400000000000025,-0.07119387781525433,3.8400000000000025,2.0914096549743633
3.860000000000004,-10.711687871461905,3.860000000000004,-5.452685470575879,3.860000000000003,18.494775626132196,3.860000000000003,22.902745684908382,,,,,3.860000000000003,-0.16322550028983684,3.860000000000003,1.647920765820885
3.8800000000000026,-8.348008472770246,3.8800000000000026,-2.814822656755574,3.8800000000000026,19.22607130303959,3.8800000000000026,18.241417704770925,,,,,3.8800000000000026,-0.2882460429190097,3.8800000000000026,1.1347270706104204
3.900000000000004,-6.07993436129609,3.900000000000004,0.011859762303707555,3.900000000000003,19.65025024089732,3.900000000000003,13.887134625792442,,,,,3.900000000000003,-0.3468129739009811,3.900000000000003,0.5874400001876623
3.9200000000000026,-3.4606391058806736,3.9200000000000026,2.604206974821544,3.9200000000000026,19.24226431608588,3.9200000000000026,12.958353988361864,,,,,3.9200000000000026,-0.40533015192004385,3.9200000000000026,0.1204398412817973
3.940000000000003,-0.6712882998077276,3.940000000000003,5.832884131141434,3.940000000000003,17.87791226019226,3.940000000000003,14.201278689167339,,,,,3.940000000000003,-0.4368206277491815,3.940000000000003,-0.15995276627527844
3.9600000000000035,2.173752739572798,3.9600000000000035,8.748355199019429,3.9600000000000026,18.18798182150124,3.9600000000000026,15.089270225220162,,,,,3.9600000000000026,-0.35522197838597336,3.9600000000000026,-0.12916544074969138
3.980000000000003,5.299153487127796,3.980000000000003,11.261509548806139,3.980000000000003,18.028951047842725,3.980000000000003,17.091119497108025,,,,,3.980000000000003,-0.2909925927003165,3.980000000000003,0.2741309861428185
4.0000000000000036,8.31785419395704,4.0000000000000036,14.177641494138967,4.000000000000003,16.48465362366119,4.000000000000003,17.47048151770184,,,,,4.000000000000003,-0.3436690681327299,4.000000000000003,0.5552779484996044
4.020000000000003,11.216677213662791,4.020000000000003,17.044941862347855,4.020000000000002,14.935807599483155,4.020000000000002,20.044712707703866,,,,,4.020000000000002,-0.44632601441334074,4.020000000000002,0.7831360654356843
4.040000000000002,14.112660685797003,4.040000000000002,19.47684471998663,4.040000000000002,14.39095856771553,4.040000000000002,21.973953469958474,,,,,4.040000000000002,-0.5286263161315183,4.040000000000002,1.0657156337338805
4.060000000000002,16.99166890676962,4.060000000000002,21.453163659445515,4.060000000000001,13.540134473557714,4.060000000000001,23.940944109612246,,,,,4.060000000000001,-0.6814016315069118,4.060000000000001,1.0748805969547242
4.080000000000001,19.65676290473951,4.080000000000001,23.06388176093748,4.080000000000001,12.340934046607344,4.080000000000001,28.20625955545222,,,,,4.080000000000001,-0.9030399282696493,4.080000000000001,1.1264025427490267
4.100000000000001,21.8082414163183,4.100000000000001,23.184294363657635,4.1000000000000005,12.610873583900798,4.1000000000000005,35.9656651644176,,,,,4.1000000000000005,-1.1202186693841156,4.1000000000000005,1.1692183314528535
4.120000000000001,24.0724561255429,4.120000000000001,23.212581979400035,4.12,15.034547014227883,4.12,44.96936323866328,,,,,4.12,-1.3428489997904762,4.12,0.9619102624951239
4.14,24.939983118034803,4.14,22.317729765483026,4.14,18.42297032593399,4.14,53.68938640085929,,,,,4.14,-1.5363400233618627,4.14,0.7386396845522363
4.16,25.484192583575688,4.16,20.918724068309707,4.159999999999999,23.042411641540184,4.159999999999999,63.77610379250933,,,,,4.159999999999999,-1.7214138876375564,4.159999999999999,0.041727480208379575
4.18,25.36192751993391,4.18,19.456915528514507,4.179999999999999,28.683975565428682,4.179999999999999,74.35791426799273,,,,,4.179999999999999,-1.9186431148925713,4.179999999999999,-0.6041210592412831
4.199999999999998,24.692113401829477,4.199999999999998,17.398269645505373,4.199999999999998,34.07782294980791,4.199999999999998,84.69524648558269,,,,,4.199999999999998,-2.2152866527181985,4.199999999999998,-0.7930216561220362
4.219999999999999,23.46275482701447,4.219999999999999,14.994547109717303,4.219999999999998,39.09020652724314,4.219999999999998,91.96763937731612,,,,,4.219999999999998,-2.6587568997508164,4.219999999999998,-0.7161895882857685
4.239999999999998,21.68595027493233,4.239999999999998,12.822150891764458,4.2399999999999975,47.3796839674784,4.2399999999999975,94.52499028553137,,,,,4.2399999999999975,-3.0507715873801367,4.2399999999999975,-0.46426937472986296
4.259999999999998,19.622799528058792,4.259999999999998,10.831145250387898,4.259999999999997,58.12018043878595,4.259999999999997,93.8067981776909,,,,,4.259999999999997,-3.251339427083071,4.259999999999997,-0.29691262764698223
4.279999999999998,17.403867550603948,4.279999999999998,8.545186798450857,4.279999999999997,70.16525104951631,4.279999999999997,93.30290137692396,,,,,4.279999999999997,-3.199101579857569,4.279999999999997,0.16520238920212904
4.299999999999996,15.251279898049809,4.299999999999996,6.232550363087924,4.299999999999996,79.7477194334407,4.299999999999996,92.69911782482473,,,,,4.299999999999996,-2.8707126090961737,4.299999999999996,0.6732066086004025
4.319999999999997,13.119610010473004,4.319999999999997,3.944819474611741,4.319999999999996,85.4460699672195,4.319999999999996,91.79232072215325,,,,,4.319999999999996,-2.1751833385113244,4.319999999999996,0.8669934629637837
4.339999999999996,10.878980801532776,4.339999999999996,1.5569938353730421,4.339999999999995,88.92943429333678,4.339999999999995,92.09505829786315,,,,,4.339999999999995,-1.1860200854855414,4.339999999999995,0.9877567413684787
4.359999999999995,8.785162889835242,4.359999999999995,-0.5809626330425743,4.359999999999995,90.55921692878286,4.359999999999995,92.16044406738621,,,,,4.359999999999995,-0.06099045329544239,4.359999999999995,0.9284629650638649
4.3799999999999955,6.67417517551911,4.3799999999999955,-2.6640880124063884,4.379999999999995,90.30620411974945,4.379999999999995,91.44091897104772,,,,,4.379999999999995,1.009855828923822,4.379999999999995,0.5904312906141165
4.399999999999995,4.211552600491132,4.399999999999995,-4.640492415159407,4.399999999999994,90.7152885410037,4.399999999999994,89.5298068485979,,,,,4.399999999999994,1.9589189681829815,4.399999999999994,0.5073102929730346
4.419999999999995,1.7947262156363806,4.419999999999995,-6.306353446247613,4.419999999999994,91.34104922152017,4.419999999999994,85.93615417102501,,,,,4.419999999999994,2.622283185161411,4.419999999999994,0.5232893727833563
4.439999999999994,-0.6916454471224185,4.439999999999994,-8.118542037002776,4.439999999999993,90.73675349016588,4.439999999999993,84.04343994195716,,,,,4.439999999999993,2.837363095419029,4.439999999999993,0.6911316463933801
4.459999999999993,-2.8803371870734082,4.459999999999993,-9.880499326006017,4.459999999999993,88.98730617132958,4.459999999999993,82.2146289305399,,,,,4.459999999999993,2.7219185292111945,4.459999999999993,1.0297585603499755
4.479999999999993,-5.217272678569721,4.479999999999993,-11.765451154726648,4.4799999999999915,87.46538079038152,4.4799999999999915,82.43901866711371,,,,,4.4799999999999915,2.464875988890448,4.4799999999999915,1.6115080658761016
4.499999999999993,-7.455629168799803,4.499999999999993,-13.431755216816526,4.499999999999992,87.05493760473553,4.499999999999992,84.05835575139247,,,,,4.499999999999992,1.9943871630688577,4.499999999999992,2.117722377531077
4.5199999999999925,-9.393025776569097,4.5199999999999925,-15.130204065771636,4.519999999999992,86.36712570167418,4.519999999999992,85.33473330463306,,,,,4.519999999999992,1.2868024937249984,4.519999999999992,2.3295496488144884
4.539999999999991,-11.02695709529695,4.539999999999991,-16.89002889842557,4.539999999999991,83.89280164705139,4.539999999999991,89.10981059437086,,,,,4.539999999999991,0.588555643643005,4.539999999999991,2.356165820127554
4.559999999999991,-12.762413857119611,4.559999999999991,-18.441019178843476,4.559999999999991,83.59951220546122,4.559999999999991,90.28434365295897,,,,,4.559999999999991,0.14906719702646853,4.559999999999991,2.259013150710363
4.579999999999991,-14.65952483625287,4.579999999999991,-19.804343730623557,4.579999999999989,85.7151312616516,4.579999999999989,89.75650763861313,,,,,4.579999999999989,0.0470501456241621,4.579999999999989,1.7931911190597134
4.599999999999991,-16.208936660589785,4.599999999999991,-20.70920311603541,4.59999999999999,85.64078989316954,4.59999999999999,89.94747288312976,,,,,4.59999999999999,0.1377499941948166,4.59999999999999,1.5138463563965239
4.61999999999999,-17.953288421752745,4.61999999999999,-21.379762077223276,4.6199999999999894,86.65114823519991,4.6199999999999894,86.20596796182065,,,,,4.6199999999999894,0.47037868402058436,4.6199999999999894,1.2586460724739403
4.63999999999999,-19.660919945867903,4.63999999999999,-21.758749966850885,4.639999999999989,89.34164887584274,4.639999999999989,82.25575589509481,,,,,4.639999999999989,1.0047526367468471,4.639999999999989,0.8166331599011514
4.659999999999989,-20.841458677981763,4.659999999999989,-21.67482753460162,4.659999999999989,89.02069244925121,4.659999999999989,76.40964980400202,,,,,4.659999999999989,1.5733010295831633,4.659999999999989,0.8276206154015462
4.679999999999988,-21.659532855449598,4.679999999999988,-21.392065168936426,4.679999999999988,87.57971061241807,4.679999999999988,68.47154772731221,,,,,4.679999999999988,2.039680607009945,4.679999999999988,0.5909431218795902
4.699999999999989,-21.944972750052955,4.699999999999989,-20.885836897960957,4.699999999999988,82.97910000859076,4.699999999999988,61.931664393982146,,,,,4.699999999999988,2.3203795567038554,4.699999999999988,0.6805560267806001
4.719999999999988,-21.916935107636334,4.719999999999988,-20.09010866376505,4.719999999999987,72.98229101032086,4.719999999999987,59.33718677023222,,,,,4.719999999999987,2.3555937555914035,4.719999999999987,1.0550358271786067
4.739999999999988,-21.756252571853764,4.739999999999988,-19.31168812807485,4.739999999999987,58.38217360255891,4.739999999999987,55.91134969041542,,,,,4.739999999999987,2.1565247864881982,4.739999999999987,1.3157865955243437
4.7599999999999865,-21.343368901718762,4.7599999999999865,-17.86814686303758,4.7599999999999865,42.044702354811136,4.7599999999999865,54.678722972399555,,,,,4.7599999999999865,1.7102768256916079,4.7599999999999865,1.6936352537405845
4.779999999999986,-20.759235696940408,4.779999999999986,-16.517904557056568,4.779999999999986,27.84003998706544,4.779999999999986,50.96503258106236,,,,,4.779999999999986,1.2728067344667195,4.779999999999986,2.3739351214271096
4.7999999999999865,-19.89969438218384,4.7999999999999865,-14.733422436180902,4.799999999999985,22.031155300114165,4.799999999999985,45.75878455108585,,,,,4.799999999999985,0.8377330057802865,4.799999999999985,2.6487290974707847
4.819999999999986,-18.422344281342617,4.819999999999986,-12.97956893671084,4.819999999999985,19.679115392186986,4.819999999999985,37.54423693297008,,,,,4.819999999999985,0.4580450575624333,4.819999999999985,2.7395461485006365
4.839999999999986,-17.068995699874947,4.839999999999986,-10.98340671235902,4.839999999999985,21.802328144868056,4.839999999999985,28.61557740678188,,,,,4.839999999999985,0.40458035360817846,4.839999999999985,2.3295823580109207
4.859999999999985,-15.350064924830292,4.859999999999985,-8.72750567929269,4.859999999999984,22.659567254025205,4.859999999999984,21.38760593574341,,,,,4.859999999999984,0.5005506950240317,4.859999999999984,1.838344132816399
4.879999999999984,-13.542602535315467,4.879999999999984,-6.2485731819144235,4.879999999999984,21.522847542545378,4.879999999999984,16.15468848967589,,,,,4.879999999999984,0.5484609045407645,4.879999999999984,1.3504887134290122
4.899999999999984,-11.41410001988455,4.899999999999984,-3.674917432221001,4.899999999999983,20.312482498098007,4.899999999999983,13.502550694390948,,,,,4.899999999999983,0.5114434363777036,4.899999999999983,0.6097518496414374
4.919999999999984,-8.977005104484483,4.919999999999984,-0.42770391251661266,4.919999999999983,18.91490402567524,4.919999999999983,10.147362727326481,,,,,4.919999999999983,0.34465117526713485,4.919999999999983,0.0976913948683098
4.9399999999999835,-6.412463668519507,4.9399999999999835,2.690984283668307,4.939999999999983,17.902189136833158,4.939999999999983,10.273721179441736,,,,,4.939999999999983,0.1354560524976911,4.939999999999983,-0.16834752474224146
4.959999999999983,-3.6349879904255076,4.959999999999983,5.374183334105545,4.959999999999982,17.554944266095163,4.959999999999982,10.180635372065922,,,,,4.959999999999982,-0.04545347580670267,4.959999999999982,-0.11893299593283047
4.979999999999982,-0.8937129283434899,4.979999999999982,8.583533338748595,4.979999999999982,17.496182102816874,0.0007194244604315503,24.056603773584925,,,,,4.979999999999982,-0.20194232965837955,4.979999999999982,0.04114504389590934
4.999280575539568,1.707317073170735,0.0007194244604315503,12.926829268292678,4.999280575539568,17.924528301886767,4.979856115107913,10.849056603773533,,,,,0.0007194244604315503,-0.7239057239057267,0.0007194244604315503,0.8585858585858546
0.0007194244604315503,5.121951219512198,4.999280575539568,11.21951219512195,0.0007194244604315503,20.28301886792451,4.999280575539568,13.207547169811278,,,,,5.001438848920863,-0.2861952861952872,4.999280575539568,0.28619528619528367
